{"train": {"MAE": 7710.481799852118}, "val": {"MAE": 8003.7719303550975}, "test": {"MAE": 8367.620241118866}}