{"train": {"MAE": 7944.034916163917}, "val": {"MAE": 8453.747802424605}, "test": {"MAE": 8598.816500451801}}