{"train": {"MAE": 7271.904346545138}, "val": {"MAE": 7739.7693610777}, "test": {"MAE": 8100.092228388651}}